193,194,195,194,193,193,195,197,195,190,199,198,196,194,194,193,193,192,192,191,195,192,190,191,195,195,193,190,184,185,192,187,184,185,189,189,185,180,183,183,204,199,194,194,195,193,187,180,178,176,155,153,153,156,159,160,157,154,137,135,145,147,153,158,161,164,164,164,159,159,140,143,147,148,148,147,147,147,144,146,162,176,181,180,182,176,173,182,176,176,178,189,191,190,194,190,188,195,188,188
 49, 48,175, 86, 26,105,186, 44, 55, 55, 42, 53,143,139, 17, 73,137, 56, 55, 55, 50, 35, 54,176, 95,118,110, 44, 56, 56, 48, 57, 50,174,149, 86, 61, 46, 56, 56, 37, 71, 64, 99,159, 41, 35, 69, 56, 56, 38, 65, 59, 40,173, 88, 48, 65, 55, 55, 40, 73, 79, 53,138,134, 43, 52, 54, 54, 35, 51, 45, 49, 88,182, 57, 58, 53, 53, 30, 65, 45, 59, 60,113, 77, 52, 55, 54, 23, 57, 54, 62, 49, 69, 53, 56, 55, 54
131, 61, 92, 90, 81,144,138,163,171,160,140,106, 98, 79, 70,142,152,143,132,118,159,163,143,128,105,151,150,113,108, 93,168,184,183,191,156,174,141,107,110,100,150,151,173,199,172,206,141, 97,105,105,112,107,145,192,170,217,130, 47, 91, 98, 81, 77,112,198,157,185,114, 22, 82, 86, 69, 57, 80,197,130,127,111, 46, 80, 77, 58, 48, 74,143,186,186, 99, 45, 52, 60, 44, 40, 56,122,173,171, 75, 27, 42, 50
176,125,159,197,182,175,171,156,196,215,193,181,202,192,189,192,184,167,207,220,112,137,173,158,184,192,187,181,209,220,109,126,187,197,223,215,211,202,172,199,119,112,180,204,209,215,222,195,162,212,119,110,160,186,177,220,238,209,189,244,114,108,136,179,166,201,198,201,194,227, 99,100,124,204,202,209,181,230,191,201,115, 92,119,208,211,172,186,181,171,236, 94, 77,116,204,206,179,185,145,147,219
 81, 74, 83,130,154,151,150,130, 83, 83, 91,109,115,128,138,147,151,122,103,104,103,112,104,119,147,160,146,101,112,113,100, 92, 81,120,162,157,126, 86, 92, 92, 86, 93, 90,126,157,136,108, 86, 88, 88, 85,102, 93,117,157,150,120, 93, 93, 93, 95,104, 89,125,174,158,120, 95, 92, 92,101,106,104,153,182,128, 90,101,121,121,106, 95,120,155,148,116,103,104,114,119,106, 97,121,155,147,116,103,104,109,114
227,225,228,193,124, 95, 78,231,217,219,232,243,243,117,114,183,237,229,210,213,226,237,211,176,  3,202,136,165,209,212,230,217,239,158,  3,  9, 98,184,210,212,245,212,239,105, 47,160,156,219,208,208,219,224,211,192,125,154,127,237,212,210,220,249,236,165, 76,193, 83,173,216,213,240,226,221,185,132,177,104,201,214,209,225,228,213,214,106,181,141,195,198,199,221,220,216,213,144,196,181,213,198,199
215,210,206,185,160,179,212,218,210,209,205,208,216,193,159,167,197,202,217,215,208,198,199,189,174,185,196,183,210,209,219,202,200,199,189,198,200,179,213,213,166,172,195,200,185,190,206,201,210,210,149,152,176,188,176,182,194,188,209,207,232,210,206,210,201,210,218,205,212,211,144,124,121,121,116,140,178,191,194,192,178,195,173,182,189,181,201,201,194,194,202,200,152,141,144,149,192,207,204,204
173,161,137,150,179,111,180,204,196,167,163,189,151,126, 81, 99,125,146,184,186,161,189, 95,156,109,121,199,137,145,183,146,130, 82,105,172,166,157,152,175,184,164, 97,120,113,150,153,154,149,213,197,222,133,114,149,139,117,136,154,183,181,224,162,109,104,174,148, 39,170,216,218,184,152,123,159,202,194,187,190,187,203,115,141,104,140,204,217,171,162,109,112, 63,110, 97,142,196,188,126,106,137,140
179,160,148,134,151,134,140,139,132,110,167,149,135,162,133, 81,175,154,102,112,126,124,172,172,153,126,185,159,159,156,165,117,117,114,184,173,164,141,161,129,140,106, 72,136,176, 89,137,148,166,137, 74, 78,129,182,132, 76,157,187,143,112,110,114,151,141, 99,146,178,169,102, 81,118,193,157,152,112,108,126, 97, 95,116,166,121,106, 98, 94, 95, 91,100,134,135,110, 96, 95, 82, 73, 71, 79,116,131,129
 32, 24, 20, 15, 27, 72,157,144, 14, 31, 23, 10, 38, 36, 13, 21,156, 85, 32,  3, 20, 14, 37, 13, 36,127,209,107,210,135, 42, 55,  5, 49,137,216,207,182,253,169, 47,149, 53, 18,122,243,250,210,234,111,  4,117,247,157,167,209,178,189, 75,  8, 22, 47,176, 63, 96,170, 82,  3, 33, 20, 21, 44, 28, 21, 49, 63, 80, 15, 24, 30, 15, 35, 39, 28, 32, 97,149,112, 88, 41, 27, 33, 33, 27, 21, 61,102, 73, 54, 25
161,124,121,145,152,160,177,155,190,139,130,112, 64,124,170,160,214,148,183,157, 84,125, 77,130,181,109,125,128, 97,102,126,109,127,140,103,110, 94, 93, 81,101,222,189,145,105, 89,178,100, 95,165,179,172,110, 90,139, 73,130,120, 99,142,134,179,159,122,172,121, 60, 61,115,147,121,190,150,104,102,101, 83,112,156,187,147,178,137,131, 79,152,149,181,193,154,181,126,105, 94, 65, 98, 98,102,118,108,134
251,222,131,191,218,200,231,239,246,242,204,138,137,213, 99,120,230,228,245,242,226,137,136,251,184,197,225,225,247,246,251,219,187,238,246,249,218,249,239,239,242,248,251,225,222,241,231,223,245,248,243,237,252,239,248,239,238,233,239,247,244,245,231,233,246,219,224,252,207,224,241,251,227,237,245,252,225,173,202,226,231,252,219,158,199,109,176,224,243,243,247,235,252,235,109, 73,232,240,243,243
145,126,149,150,126,138,114,132,108, 67,160,167,134,148,159,156,174,114,109, 97,178,140,111,173,180,171,133, 99, 90,116,137, 71, 39, 81,108, 95, 92,111, 68,121, 96,123, 62, 23, 70, 40,123, 92, 71,118, 67,159, 85, 41, 34, 72, 75, 77, 78, 94,107,166, 84, 67, 56,149, 67,149,142,114,125,182, 93, 64,130,132, 77,105,138, 79,143,133,113, 85, 91,103,113,151,121, 96,124,119,103, 81, 93,114,128,169,107, 93
124,140,151,155,135,139,165,153,167,163,124,168, 95, 84,132,149,124,162,141,130,106,144, 97, 96,105,161,152,139,158,139, 99, 76, 84,114, 84,128,157,103,108, 88,150, 91, 58, 74,107, 92,115,116, 97, 79,175,157,104, 56,108, 93,112,117,149,132,143,160,129, 69, 86,104,126, 91, 87, 62,138,134, 90, 83,115,125,121,106,126, 92,129,108,109,144,131,138,117, 81,146,113,136,121,129,146,128,126, 86, 66, 97, 64
 67, 55,122,206,136,166, 62, 60, 47, 38, 72, 20,128,212,137,123, 59, 31, 30, 43, 62, 77,111,221,151, 97,123, 71, 42, 41, 51,135,104,181,133,123,143,144,110, 66, 88,114,157,157,143,199,115,173,100, 51,112, 88,191,195,210,232,136,149, 90, 77, 81,117,190,216,235,211,147,130, 97, 88, 69,173,220,207,212,218,115,157,103, 65, 68,166,208,206,232,182,137,116, 63, 53, 77,168,203,200,230,180,129, 98, 52, 46
 51,111,120,159,204,162, 75,146,143, 91,170,130,141,164,142,192,128,102,132, 91, 99,127,125,108,132,234,153,139,109, 79, 68,106,142,138,113,138,128,162, 95, 79,105,132,199,236,152,  2, 23,102,165,155, 95,137,199,241,200, 35, 83,127, 52, 52,144,115,144,169,168,146,228,172,132,146,180,156, 90, 94,186,162,120, 88, 74, 98, 64,101,176,202,144,108,118,125, 72, 53,128,138,106,133, 53,147,144,126,127,125
 31, 53, 32, 37, 37, 50, 35, 46, 37, 43, 68, 51, 73, 94, 74, 55, 78, 34, 63, 60,112,112,114,157,159,122,104, 57,110, 99, 89,115, 89,137,120,121, 79, 61,130,111, 95,106,100,132, 82,113,125, 84,131,110, 80,113, 83,105,148,127,150, 59,114,100, 73,155, 53,110,231,139,171, 43, 69, 67, 76,174, 33,140,204, 98,200, 53, 49, 53,102,155, 63,135,173,123,173, 80,102,107,113,133,112,120,131,122,130,111,115,120
214,206,194,204,175,200,208,186,165,196,199,198,213,199,207,202,198,146,179,205,217,198,202,192,209,194,198,190,189,209,203,206,201,211,198,205,189,215,196,208,198,208,201,186,173,203,188,206,206,212,210,168,180,161,180,182,191,218,207,212,167,139,188,180,185,185,190,206,204,208,133,174,212,158,110,195,206,196,204,209,176,114,182,123,103,206,196,206,207,207,217,156,113,134,179,209,215,198,207,207
108,125,136,134, 96,108,109, 95, 91, 94,126,129,128,127, 96,111,113,104,118,120,116,118,117,123, 98,111,118,126,121,120, 97,107,111,123, 97,101,110,134,122,118,110,112,101,112, 97,100, 98,120,116,112,133,116, 83, 92,100,115,104,115,120,119,133,122, 85, 89,103,123,110,119, 87, 91,125,132,105,101,103,113,101,115,107,113,119,128, 98, 90,107,110,119,124,123,122,130,127, 96,100,112, 97,105,125,114,112
209,210,208,136,193,179,199,218,223,229,214,216,185,136,169,182,189,236,221,228,221,209,156,107,168,188,172,197,220,226,204,213,162, 11, 18,  7, 98,228,215,221,220,208,166, 74,120, 60,102,224,210,214,209,200,149,122,154, 82, 87,247,214,218,209,207,140, 97,140, 78, 70,214,219,224,209,210,145, 59,176,151,149,227,217,220,210,201,179, 74,204,191,193,227,217,216,206,204,190, 93,220,195,183,207,217,217
 93,103,122,161,142,159,175,163,152,151, 68, 89,107,157,122,136,175,185,159,155, 49,106,100,124, 90,145,182,141,138,134, 24,103, 92,107, 81,159,183,101,128,129, 48,107,111,137,101,133,139, 74, 53, 61,100,117,126,140,128,152,126, 49, 71, 79,115, 83, 98,102,139,180,144, 63, 80, 80,141, 56, 76, 91,129,132,103, 73,104, 94,133, 54, 80, 95,111,133, 96,114,126, 81,123, 61, 87, 88,106,145,116,126,115, 71
140,179,158,158,132,135,151,159,183,187,168,181,164,145,127,114,140,143,186,176,166,155,150,125,116, 94,134,138,185,165,160,157,166,140,102, 82,132,168,178,167,141,113, 83, 74, 51, 58, 72,101,139,147, 48, 33,  8, 19, 29, 66, 71,115,125,138, 21, 40, 43, 29, 38, 41, 33, 85,176,173, 31,  7,  2, 34,168,197,138,116,215,191, 29,  2, 10, 21,157,129,110, 75,195,168, 19, 12,  0,  0, 93,191,133,126,162,135
191,191,194,195,192,189,190,195,177,179,185,184,185,189,186,184,186,192,173,174,176,175,177,179,179,177,178,183,186,184,173,171,174,177,176,173,172,175,190,184,173,172,175,179,177,172,167,166,175,166,174,171,172,176,177,171,165,163,173,162,171,166,164,167,169,167,164,165,174,162,167,159,155,159,163,163,164,167,161,149,171,174,163,152,157,162,163,169,175,181,175,179,169,157,163,167,168,173,174,182
193,194,184,200,202,200,197,145,184,190,197,174,165,161,209,187,164,112,163,199,169,161,178,147,227,190,182,174,205,202,165,183,206,148,206,156,117,124,202,201,186,205,197,150,185,140, 40, 12,125,196,201,209,180,157,165,145, 59, 23,141,194, 99,112,110,143,161,181,188,193,209,198, 87, 90,105,162,170,170,209,216,206,205, 95, 88, 92,179,199,193,200,198,203,196, 94, 89, 91,179,201,193,201,198,193,188
152,165,139,146,145,138,162,145,144,153,163,145,135,134,140,152,152,137,137,141,138,117,145,137,124,140,132,141,126,136,103, 55, 74, 97,120,145,119, 99,100,137, 94, 49, 37, 63, 81, 81, 62, 38, 67,135,102, 77, 57, 62, 58, 37, 34, 48, 52,133,120, 64, 39, 50, 98,104, 61, 83, 56,123,135, 71, 60, 56,109,117, 40, 79, 62,111,147, 78, 68, 53,108,132,107,121, 82, 86,168,110,106, 84,131,159,140,156,131,134
184,197,213,222,230,217,217,150, 18, 38,232,194,211,215,212,230,238,150, 34, 42,134,231,236,220,243,198,149, 70, 36, 31, 32,226,238,228,218, 84, 55, 42, 43, 29, 23,101,218,244,131, 13, 47, 58, 53, 30, 24,  4,184,173, 49, 40, 53, 42, 60, 29, 34, 12,111, 49,  5, 49, 44, 54, 58, 13, 36, 21, 43, 31, 29, 15, 35, 73,161,104,188,158, 49, 22, 42,101,147,200,237,196,229,228,148,129,183,219,206,198,238,203
251,234,251,246,250,176,224,237,243,247,239,144,114,142,222,222,196,199,222,247,251,142, 84, 80,145,207,173,205,198,246,246,154,119,113,161,232,207,179,189,247,251,189,184,187,195,201,242,182,203,250,249,192,202,207,164, 75,196,186,228,250,251,190,183,221,225,108,206,210,246,250,251,195,150,177,220,128,201,224,250,247,249,218,197,207,233,136,200,250,248,248,251,231,210,211,232,136,200,248,248,248
 36, 77, 63, 21, 36, 21, 27, 26,148,235, 62,209,168, 12, 30, 49, 48, 28,133,241, 20,203,214, 48, 33, 38, 67, 56,173,243, 68,158,226,137, 72, 60,136,110,127,250,209,204,234,173, 95,104,200,161, 53,236,239,226,209,154, 91, 90,181,214, 84, 95,208,217,180,146, 95, 83,145,226,203, 88,223,229,173,134, 86,102,139,176,222,227,222,222,180,126, 83, 88,144,179,217,223,222,223,181,125, 83, 88,144,180,215,224
230,230,202,203,195,181,203,214,216,246,214,203,205,210,177,173,211,200,195,224,161,150,187,200,144,155,212,188,153,178,148,139,172,169,111,117,153,125,155,176, 96, 88,112,144,168,176,137, 81,122,139,112,124,134,128,138,143,131,143,118,132, 98, 84,101,132,180,188,131,103,115,124,106, 90,112,110,104,106, 98,115,107,113,120,120,123,125,124,121,117,116,117,110,106,107,108,109,109,106,104,102,111,108
 83, 45,134,146,164,159,110, 89, 51, 53, 71, 39, 99, 96, 98, 98, 56, 71, 52, 56, 84, 81,101, 81,107,150, 63, 35, 51, 52, 98,136,151,126,133,170, 68, 68, 63, 56,174,170,159,159,161,167, 78,152, 83, 66,144,126, 99, 94,118,144, 67,143, 81, 61, 71,110,116, 75, 87,134, 80,138, 73, 59, 79, 96, 99, 68, 98,141, 75,111, 79, 72,186,135, 96, 71, 83,116,105, 81, 76, 71,198,153,118, 89, 96,127,121,102, 75, 70
188,128,243,236,239,217,249,165,174,176,129,145,225,246,234,249,245,179,173,190,121,153,107,130,190,167, 79, 64,141,163, 80,105, 87,103,149,120,101, 88,110,112, 68,162,141,103,165,153,134,123,152,124, 79,169,243,208,132,129,206,236,126, 93,118,154,223,180,163,117,173,231, 86, 80,114,108,223,151,193,132,192,184, 69, 91,164, 84,230,156,172,155,236,152, 51,136,200, 85,190,154,172,193,234,115, 69,165
244,245,245,253,237,252,248,234,240,245,179,187,205,253,248,206,174,187,239,243,190,143, 99,166,247,250,193,181,234,235,101, 95,117,203,252,248,187,181,237,238,183, 99,106,209,251,245,186,176,244,246,183,138,182,251,252,249,192,165,237,241,164,182,232,248,242,251,194,169,228,230,201,223,249,251,252,249,179,192,232,233,246,248,250,249,249,250,248,246,247,250,248,249,249,249,249,249,249,248,249,250
193,178,193,204,190,198,210,196,196,204,193,185,188,198,198,196,195,198,203,195,186,189,187,191,197,189,188,202,182,199,190,194,201,199,192,193,194,188,107,182,203,195,206,207,196,206,187,125, 81,170,187,174,179,187,191,191,138, 47, 65,109,132,142,135,143,163,139, 72, 29, 64, 80, 83,121,110,109,140, 93, 37, 58, 43, 69,104,120,120,131,133, 87, 86, 56, 45, 45,109,121,101, 98,109, 69, 71, 57, 49, 49
226,250,233,239,242,248,226,245,248,242,216,198,206,192,202,201,204,168,156,156, 80, 93,129,133,150,130,107, 58, 62, 70, 35,106,119,140,145,118, 60, 77,127,143, 99,138,123,125,111, 91, 73,124,129,148,132,105,129,129,119,101,125,116,128,141,165,135,176,188,185,183,189,129,102,103,181,183,168,173,162,189,158,115, 80, 73,163,159,171,166,162,148,111, 95,100,100,172,162,162,150,147,154,149,157,150,149
214,209,190,190, 98, 70, 47, 59,141,136,204,205,202,180, 83, 71, 60, 95,126,105,186,197,208,198,133,128,101,115,128,100,199,206,177,159,114,120,126,136,144,135,204,237,188,164,114, 90,123,125,119,132,176,224,208,212,184,130,113, 79,108,123,129,146,154,158,162,133, 82, 59, 69, 70, 75, 75,116, 98,103, 95, 38, 57, 68, 55, 63,121,141, 99,149,133, 60, 58, 41, 37, 31, 77, 93, 46, 92, 99, 65, 81, 76, 70
252,240, 46, 36,120,136, 93,  8, 64,171,252,253, 35, 36,145,158, 59, 26,109,212,247,253, 40, 38,136,163, 33, 33,143,239,250,254, 85, 53,112,143, 25, 32,162,241,253,254,150, 86,139,114,  8, 67,198,246,249,254,201,116,195,103,  6,129,238,251,249,254,236,137,205,122, 14,182,248,252,254,249,253,149,179,152, 76,208,243,249,253,249,253,243,129,198,178,193,241,253,252,254,242,165, 29,148,166,160,221,253
224,199,219,221,160, 83,167,226,221,220,203,229,217,186,168, 82,114,220,222,221,201,222,182,132,138, 87, 86,193,227,226,215,212,216,172,108, 96,112,179,224,223,221,195,225,226,149,175,182,184,219,215,211,199,205,213,134,171,183,188,221,219,206,232,230,204, 43, 62,139,196,225,223,217,215,208,205, 30, 72,179,207,221,220,216,212,218,201,189,151,172,210,206,212,213,211,218,204,194,160,183,221,209,215
123,160,137,101,153,154,119,188,186,167,187,216,151,131,137,116,167,215,169,159,121,162,174,143,146,172,162,148,128,129,105,132,146, 92,111,181,169,159,140,140, 93,145,129,140,151,130,145,149,148,144,129,153,142,142,156,146,142,155,131,122,173,152,175,149,154,191,164,158,201,196,204,170,157,168,131,124,172,159,184,182,126,119,111,106,106,105,107,106,116,122,182,176,168,164,162,163,164,163,172,178
187,162,176,167,170,188,160,175,171,197,191,162,173,171,185,200,170,179,171,197,191,161,169,172,201,207,173,174,171,197,189,165,174,182,220,207,171,169,171,198,186,172,184,195,241,209,175,174,170,198,177,169,179,193,247,202,175,178,171,198,176,167,169,181,244,191,170,174,171,198,188,174,167,176,243,187,167,173,171,198,204,157,176,174,195,191,172,170,165,209,189,142,162,162,182,177,157,155,142,191
182, 30, 26, 70,155, 93,153, 75, 31,174,173, 13, 31, 70,126,136,173, 45, 30,172,178, 23, 65,109,197,167,128, 55, 32,170,195, 47, 59,157,208,189, 58, 40, 59,189,194, 23, 83,119,189,195,140, 49, 54,183,182, 56,114,109,166,152,160, 90, 24,156,193,117, 63,140, 76, 88, 67, 83, 35,164,217, 64, 21, 81, 48, 42,118, 76, 52,174,187, 24, 66,102,102, 71,105,173,125,177,193, 43,102,118,112, 89, 96,146,138,190
  0,  9,  0, 12,  0,  0,  1,  3,  0,  0,174,168,152,154,162,158,175,172,159,170,206,213,215,200,193,168,199,208,205,229,197,178,148,153,161,155,155,143,168,203,188,172,124,151,142,158,148,150,167,200,179,199,173,209,160,167,157,182,164,189,188,188,158,199,178,181,157,159,175,186,236,230,201,220,209,213,224,236,205,209,161,157,157,161,161,158,158,161,158,159,  4,  2,  2,  4,  3,  1,  0,  3,  2,  3
240,229,229,217,214,162,161,161,159,156,192,211,224,215,178,138,127,126,113,124,164,172,168,151,165,135,122,135,128,140,129,114,116,104,172,144,133,146,133,138,137,109,140,146,140,163,156,119,130,146,188,128,130,127, 27,141,147, 69,122,157,205,162,136, 99, 37,140,143,113,132,161, 86,121,129, 68,104,100, 79,140, 90, 96, 51, 43, 37, 36, 36, 38, 44, 51, 60, 88, 38, 30, 24, 23, 23, 24, 31, 38, 27, 57
149,138,165,161,130,142,159,151,164,169, 95, 81, 75,102,119,109,119,146,119,122,164,145, 80,103,160,136,112,120, 99,108, 90,153,110, 94,111, 92, 91, 79, 89,109,105,185,174,152,139,124,112, 46,137,168,112,131,141,178,204,203,167, 80,141,169, 94, 90,110,150,165,144,120,106,125,138, 80, 57, 61, 95,128,116,107,145,118,116, 92, 87, 88, 90, 83, 77, 85,104,131, 96, 98, 97, 96, 90, 78, 71, 82, 95,105, 69
133,134,135,171,187,171,170,168,171,165, 60,131,188,199,221,173,188,209,217,204, 71, 92,139,180,204,200,206,168,154,137, 60,172,159,158,167,203,134, 78, 85, 72,119,111,111,175,121, 99, 79, 86, 85, 82, 91,112, 76, 50, 84, 78, 82, 91, 74, 78, 96, 90,107, 98, 97, 60, 87, 82, 69, 71, 89, 93, 83,107,119, 95, 93,106, 91, 90,108, 96, 80,106, 99,119,135,123,114,116,129,117,105,136,120,125,125,110,110,112
243,250,249,249,251,250,249,253,251,252,240,252,254,247,251,251,251,252,254,252,251,252,252,248,250,247,249,253,253,252,221,249,252,252,246,242,235,233,228,240,191,241,243,196,185,212,226,217,188,195,189,201,190,167,156,165,193,226,208,197,176,175,183,200,195,169,168,200,187,180,191,211,206,181,182,197,200,194,169,184,204,222,211,210,213,211,216,211,197,197,212,234,227,227,232,227,231,224,196,197
236,179,155,247,213,211,222,225,232,227,208,206,185,223,237,218,209,240,237,232,220,231,225,213,251,238,217,244,243,238,215,205,224,219,245,252,235,236,246,240,226,225,229,220,221,230,201,219,244,239,212,237,188,136,135,132,130,212,244,238,215,243,185,111,118,122,187,252,244,237,218,221,199,128,119,118,219,240,246,239,218,242,213,113,126, 70,219,251,245,239,214,239,211,111,113, 49,199,247,243,236
220,183,155,173,120,139,189,162,191,221,210,204,204,212,133,154,155,140,185,213,218,185,191,195,128,174,149,196,179,188,224,183,201,167,130,161, 68,103,209,174,209,191,221,144,146,155, 35, 43,134, 50,215,182,189,129,158,120, 34,105,128, 32,229,200,167,140,164, 83,  7,108,107, 35,211,229,159,127,165,142, 84,162, 67, 23,217,197,143,132,158,165,176,185,170,163,212,207,157,132,131,126,150,176,214,212
147,159,144,129,102,127,137,149,141,144, 76, 77, 73,145,163,150,171,158,160,143, 45, 34, 75,153,170,146,166,162,172,139, 44, 25,128,147,153,171,169,177,168,146, 86, 69,162,157,159,183,171,160,179,188,146,151,169,175,150,137,169,155,161,183,150,170,151,164,136,129,175,176,182,188,149,158,145,144,140,173,159,145,181,165, 93,113,121,117,117,150,118, 92,133,138, 71, 68, 65, 67, 64, 90, 70, 67,103,110
203,200,219,225,212,220,225,210,212,213,211,230,143,110,145,136,154,212,214,215,206,216, 83, 61,138,117,130,200,218,219,220,200,135,142,177,155,162,201,218,217,223,201,212,199,167,144,150,207,211,211,207,203,224,195,177,164,147,216,214,214,211,212,217,205,222,225,198,225,219,219,216,211,211,213,213,219,221,204,216,217,208,209,192,209,225,205,205,221,214,209,197,151, 99,135,203,213,204,201,214,209
189,187,202,176,183,125,172,170,171,198,173,168,141,204,142,121,143,183,156,182,181,159,166,171,168,191,189,178,181,198,198,188,156,146,200,188, 44,118,185,200,179,111,126,116,156,145,134,154,163,200,205,107,148,126,152,116,249,130,123,187,168,140,102,157,185,128,131,120,110,164,203,143,152,126,108,120,137,146,176,198,193,189,179,168,167,180,193,201,197,196,200,203,203,198,197,202,207,208,208,206
172,186,199,168,146,208,161,208,204,198,170,178,214,130,105,115,141,190,180,194,163,205,211,125,107,192,215,170,144,178,174,187,190,176,146,174,163, 96,128,160,157,149,192,157,124, 83,157,145,112,119,173,162,180,159,110, 99,159,167,159,151,140, 98,111,203,179,173,146,165,157,161,191,155,171,186,187,192,177,166,119,147,183,194,142,122,200,196,173,164,172,165,189,199,146,128,206,208,191,186,177,169
213,225,228,206,218,199,219,214,226,225,226,197,185,230,237,208,209,194,171,170,233,152, 51,196,145,137, 92,117,126,127,193,194,130,111,110,128,191,194,210,210,109,151,150,161,235,211,218,188,197,196, 48,185,212,194,174,210,199,197,189,188, 84,121,207,189,202,170,187,190,189,189,121,120,206,188,173,187,205,189,194,194,191,195,202,196,180,178,184,181,189,188,210,212,218,210,192,190,195,191,193,192
 32, 31, 21, 48, 60, 86, 62, 42, 70, 68, 27, 32, 38, 60, 70, 81, 76, 76, 56, 51, 39, 36, 47, 58, 75, 78, 85, 87, 70, 65, 43, 50, 69, 56, 69, 64, 77, 74, 64, 61, 40, 71,100, 74, 71, 61, 71, 59, 46, 46, 61, 82, 98, 90, 98, 97, 82, 52,119,115, 89, 90, 89, 99,102,110,100, 91,120,115, 89,101,101,110, 76, 78,104,157,100,101,120,116,127,147,125,107,131,136,139,125, 94, 93,113,149,135,113,121,113,139,124
124,152,158,159,139, 36, 29, 53, 46, 69, 82, 68, 94,128,172,123, 63, 49, 29, 55, 61, 41, 67, 51, 65, 64, 58,101, 55, 42, 66, 70, 77, 57, 51, 50, 55, 79,115, 76, 17, 81, 74, 97, 97, 64, 60, 24,114,101, 18,140, 98,130,125, 81,106, 55,103,104, 23,151, 75,114,141,106,116, 44, 50, 53, 19,158, 79,110,148,129,139, 82, 37, 64,143,144,142,132,120,117, 91, 51, 67, 50,139,142,146,142,139,141,122, 84, 56, 39
106, 78, 53, 48, 67, 96,143,160,172,171,141,131, 61, 49, 62, 81, 69,133,154,162,109,120, 59, 24, 48, 84, 54, 49, 65, 43,132, 45, 41, 78, 76, 77,158,115,112, 34,111,146, 50, 52,112, 39, 73,122,142, 49, 50,131, 14, 18, 32, 41, 64, 85,122, 63, 82,123, 24, 47, 26, 26, 37,122,120, 75, 25, 82,110,120, 40, 14, 21, 91,111, 47, 42, 83, 88, 47, 22,  9,  8, 27, 64, 77, 40, 86,119,100, 81, 64, 38, 44, 70, 96
128, 90, 83, 50, 86,135, 34, 69,142, 98,161, 77, 67, 82, 75, 77, 66, 86,143, 90,143, 93,128, 97, 88,112, 85,119,184,129,116,199,171, 87,128,117, 20,110,140,108,134,177,137,181,118, 69,110,112, 76, 82,164,190,159,187,120, 59, 90, 88, 52, 78,112, 95,152,111, 66, 85,117, 88, 88,114, 85, 64,108, 48, 45, 71,167,120,109,125, 98,104,128,112, 97,123,126,108,129,127, 93,107,139,124,105,132,142,131, 94, 93
 92,127,154,143,169,175,147,179,190,178,136,147,130,182,191,177,133,146,165,165,149,126,100,170,187,164,178,202,200,199,114, 65, 80,118,170,143,194,200,192,186,134, 88,134,149,200,191,182,142,162,157,134,116,141,154,157,192,162,144,174,164,141,139,130,148,127,163,172,198,162,152,141,129,111,137,141,122,147,158,145,146,142,112,126,146,155,157,181,138,142,161,142,121,126,144,159,155,171,137,147,155
158,148,131,171,195,205,156,134,126,114,158,142,168,178,221,195,183,151,130,116,171,140,157,151,176,166,194,183,160,144,137,131,147,199,179,196,185,174,180,164,115,103,101,171,142,181,159,154,163,151,131,113,127,169,168,164,143,125,147,135,164,129,124,115,132,113,128,133,139,125,139,127,135,135,149,122,124,137,125,110,131,121,117,124,130,122,106, 96,108,115,110, 99,103,123,138,132,123,120,136,143
220,240,238,233,226,223,231,221,227,222,247,220,240,222,248,237,233,231,212,207,238,225,235,230,207,245,209,240,231,225,221,231,211,178,136,197,174,192,233,229,209,208,210,157,177,159,161,112,226,227,182,178,177,162,172,132,136,106,216,234,238,228,202,199,158,164,149,170,147,191,230,220,246,218,201,183,106, 75, 68,133,222,223,204,206,201,168,145,130,119,127,234,228,195,188,193,188,194,193,144,147
 49, 62, 83,139,209,191,127,124,126,120, 78, 76, 57, 77,169,234,220,197,158,146, 65, 92,122,155,191,219,229,227,196,180,115,104,119,163,186,197,211,202,215,203,146,140,127,125,112,129,179,179,213,211,128, 99, 73,101,108,112,146,136,197,206, 69, 71, 70,119,123,111,169,200,175,187,  9, 18,  8, 26, 57, 72, 97, 66, 21, 32,113,124,134,157,128, 92, 47, 35, 52, 44,166,158,129,120,106,128,128,133,104, 96
131,137,150,174,186,129,141,151,137,136,129,151,156,159,187,171,171,141,154,154,153,161,133,105,133,160,186,170,168,168,156,163,157,150,157,160,174,187,177,177,154,165,182,197,192,175,165,187,188,187,170,172,174,178,176,185,171,191,194,193,172,175,183,192,189,200,171,187,196,196,173,169,181,198,183,182,155,192,201,201,175,179,185,188,194,163,128,157,194,200,174,176,180,180,183,148,111,139,194,200
221,242,236,245,215,222,179, 62,234,233,231,234,225,244,235,139, 83,226,244,237,218,249,229,167,172,169, 80,126,251,239,227,221,119,136,153, 67, 35,101,248,241,201, 87,141,137, 92, 90, 24,117,242,238,215,191, 92, 64, 83, 80, 97,212,227,228,206,240,187,134,114,142,181,218,224,222,215,237,228,227,226,228,204,221,237,228,206,228,236,233,233,228,215,213,228,228,203,226,236,234,238,235,228,227,225,225
239,244,162,215,215,218,196,113, 91, 78,134,121, 98,132,139,136,142,145,132,120,119, 86, 90, 77, 80, 83,103,170,161,151, 97, 76, 74, 61, 67, 88, 99,157,161,156, 64, 65, 49, 90, 83, 91, 88,115,141,139, 78, 72, 45,119, 83, 66, 83,110, 91, 96, 72, 53, 48,108, 70, 59,105,129, 61, 71, 71, 54, 83,109, 78, 74,118,109, 70, 82,110,115, 93,121,123,111, 83, 70, 35, 35, 95,103, 80,102,107,107, 85, 70, 62, 62
 55, 45, 70, 95,146,161,175,154,138,144, 51, 29, 45, 73,117,116,141,163,145,114, 36, 35, 47, 76,121,113,116,137,118, 87, 27, 61, 71, 75,118,127,104, 90, 78, 83, 37, 83, 77, 58, 78, 95, 73, 59, 51, 66, 54, 83, 82, 75, 61, 52, 39, 53, 77, 67, 67, 71, 75, 99, 73, 51, 34, 53,111, 98, 76, 58, 52, 87, 73, 68, 48, 53, 90,105, 31, 69, 80, 45, 43, 64, 70, 92, 95, 94, 41, 55, 61, 53, 71, 80, 61, 73, 93, 93
172,168,172,159,154,175,148,191,173,165,160,160,175,164,147,169,150,182,169,154,165,165,190,182,149,175,166,177,179,161,180,175,199,194,150,179,177,167,174,158,183,171,185,184,139,166,168,145,176,160,178,164,169,175,134,153,158,134,185,168,173,165,167,181,146,155,161,148,178,165,168,169,171,190,159,161,169,165,184,177,181,182,183,185,187,188,190,191,204,204,201,201,201,202,202,203,203,203,208,209
168,184,105, 93, 97,136,100, 79,121,116,197,162, 81,107,120,136,106,107,157,155,217,189,129,141,125,132,132,146,171,171,187,151,113,159,173,186,176,162,150,154,114, 85, 92,179,195,172,165,177,175,185, 71, 93,115,157,154,140,166,201,194,208, 82,111,102,109,151,184,201,195,197,216, 99,124,114,128,174,177,171,166,131,153, 95,114,147,143,173,163,149,157,148,153, 40, 80,141,162,202,186,157,155,144,156
210,169, 79, 66, 29, 55, 49, 38, 73,207,180,230,197,149, 55, 44, 43, 56,103,181, 79,207,230,188,102, 74, 52, 54, 67,103, 90,213,221,182,138,115, 76, 68, 54, 88,141,228,207,167,146,119, 85, 87, 86,127,132,205,207,202,201,149, 83, 63, 84,112,113,181,202,214,219,152, 77, 39, 69, 78, 45,107,121,114,109, 71, 55, 54, 67, 70, 49, 73, 77, 62, 55, 53, 49, 52, 66, 72, 51, 75, 79, 63, 55, 51, 46, 47, 52, 58
 89,104,109,110,105,130,112,116, 96, 81,147,156,147, 72, 58,131,167,143,107, 93, 64,128,109, 24, 95,178,173,132,164,156, 70,142,136, 61, 88,107, 92,102,122,118,113, 81,112,139, 88, 73, 81,109,125,125,163, 76, 86,177,150, 92, 55, 97,105,111,164,117,114,171,188,112, 79,172,117,127,164,113,128,167,201,141,113,150,133,143, 99,150,143,140,175,123,146,124,110,152,107,160,155,154,185,118,128, 92,157,209
119,127,100, 74, 83, 81, 69, 76, 76,122,125,103, 79, 64, 69, 83, 82, 66, 81,114,102, 90,101,103, 84, 96,105, 80, 64, 77, 70, 83,113,125,112,107, 93, 65, 98, 92, 51, 67, 73, 92,134,145,120,102,131,113, 71, 84, 66, 65,111,138,140,155,145,122,118,121,104, 80, 75, 90,108,124,111, 89,133,120,122,117,100,113,130,113,112, 91,102,119,134,119,130,122,135,144,118, 93,110,122,133,122,136,125,127,129,106, 84
 47, 64,177,218,190,149, 91, 78, 67, 63, 44,150,218,235,215,163, 66, 91, 82, 76,164,185,182,249,252,219,126,132,118,112,120, 87, 70,138,123, 99, 78, 95, 67, 64, 73, 74, 56, 58, 52, 37, 43, 59, 53, 53,118, 59, 46, 47, 42, 52, 62, 38, 48, 49,108, 31, 34, 49, 20, 54, 59, 42, 39, 40, 64, 62, 33, 21, 44,110, 40, 33, 41, 41, 33, 46, 24, 27, 52, 51, 41, 28, 44, 44, 48, 65, 42, 38, 52, 48, 46, 40, 43, 43
233,166,115,213,167,111,125,131,122,116,239,213,160,225,186,146,137,114,115,111,212,180,128,218,219,186,159,143, 84, 77,205,183,125,198,203,169,134,139, 76, 70,151,170,118,136,127,128,116,124, 89, 81,165,152, 84,101,101,114,100,114, 98, 88,252,198,115,135,124,117, 91,108,128,117,209,192,141,144,119,143,145,165,151,140,175,179,151,152,181,157,117,119,101,114,175,156,114,102,123,118,103,113,131,144
 55, 32, 50, 44, 87, 93, 52, 57, 15, 54, 88, 42, 72, 74, 19,  2, 77, 57, 68, 91, 31,  2, 73, 53, 76, 66, 60, 65, 32, 46,  9, 81,142, 21,113,139, 46, 24,  4, 12, 24,114,193,144,140, 51, 23,  1, 35, 17, 19, 69,208,253,230, 89, 57, 68, 84, 28, 46,142,246,229,244,222,184,178,123, 56, 57,187,226,229,220,196,254,244,245,191,143,222,245,217,207,238,253,223,229,229,206,225,226,232,235,233,236,219,225,224
127,137,131,139,138,133,136,103,110,129,141,128,128,134,130,129,128,118,109,114,169,148,169,160,138,132,120,139,120,115,204,177,213,197,177,171,122,127,129,136,206,180,226,215,217,223,138,106,100,127,176,172,232,225,220,228,159,134, 92,126,179,178,225,217,201,201,167,167,131,148,222,184,190,190,190,193,163,158,140,138,199,166,159,140,157,159,156,154,139,138,160,137,148,141,167,164,153,145,139,137
 41, 51, 40, 71, 91, 76, 49,120, 60, 28, 43, 42, 31, 45, 65, 63, 22, 77, 86, 56, 43, 35, 34, 29, 50, 69, 30, 72, 90, 67, 71, 57, 63, 39, 55, 82, 49, 75, 57, 50, 99, 75, 87, 76,103,131,105,102, 33, 39,115, 78, 83, 94,131,145,131,101, 33, 53,126, 85, 74, 85, 94, 78, 99, 72, 36, 65,120, 88, 77, 87, 77, 52,121,126, 32, 62,134,133,118, 73, 76, 58,127,167, 47, 27,124,141,128, 76, 80, 52,116,167, 81, 45
166,163,164,180,160,164,163,169,166,169,188,181,169,171,148,159,159,162,162,172,178,181,175,175,151,162,154,144,155,175,154,169,171,169,145,160,152,139,150,176,156,170,165,152,122,143,147,142,147,174,163,175,169,157,124,137,137,132,151,170,163,171,168,168,143,154,147,138,161,171,171,166,154,159,147,171,173,171,171,173,173,173,167,164,166,158,153,161,175,176,170,171,165,163,167,160,156,165,171,172
178,217,130,113,105,104,110,167,195,176,182,218,128,108, 94, 94,106,163,196,177,184,217,128,106, 86, 88,107,166,196,178,185,215,133,111, 86, 92,115,172,198,179,187,213,136,116, 87, 93,117,168,198,179,189,210,134,116, 82, 87,110,155,199,178,189,205,127,110, 76, 83,107,146,198,178,187,199,121,106, 72, 84,110,147,197,178,205,173,101, 71, 64, 86,110,166,196,178,198,166, 94, 66, 60, 83,110,164,194,176
 58, 71,121,137,157,140,127,128,104, 82, 49,117,147,100,117,127,125,137,147,104, 79,140,155,108,134,129,136,193,156,119, 99,126,132,100,119, 97, 97,153,135,143, 89,131,152, 91, 90,106,113,108,109,132, 80,135,167, 97, 76,100,118,105,125,109,118,160,187,138,126,110,113,139,117, 89, 66,120,146,118,148,129,118,164,146,152, 49,108,159,139, 69, 70, 85,119,158,139, 73, 60,111,179,138, 64, 12, 41,141,118
 92, 60, 83,125,102,118,114, 83,105, 99,144, 48, 42, 79, 74,138,116,123,102, 84,150, 96, 81, 93, 41, 37, 68,108,140,111,100, 35,112,104,108,117, 96,156,163,129,115, 84, 77,131,157,151,129,122,125, 97,153,111, 84,119,103,142, 67,112,112, 96,163,145, 62,116,107, 82, 62, 84, 77, 77, 75, 72, 72,105,130, 54, 76,127, 98,106, 80, 90,100,110,121,135,146,149,121,115, 94, 98, 98, 96, 99,106,114,115,130,126
173,168,146,189,148,150,185,139,200,223,162,175,172,114,134,180,151,131,158,200,158,156,157,124,155,191,211,176,163,205,136,139,155,159,170,185,214,187,186,205,112,147,177,134,137,172,113,148,192,206,133,136,136,136,113,134,127,164,132,158,143,110, 93,156,138,127,191,166,133,166,111, 99,118,133,170,165,146, 96,170,197,104, 87,139,130,134,137,102,175,188,185,120,128, 90,116,128,103,152,189,186,184
255,248,255,255,250,255,255,254,255,255,255,255,255,255,248,242,253,243,249,254,238,246,249,236,233,206,238,219,243,251,227,239,240,230,238,201,249,221,239,250,220,227,227,222,239,207,254,222,241,251,223,223,223,220,235,218,247,220,245,253,251,245,249,246,248,248,255,241,250,254,255,253,255,255,248,255,254,250,253,255,251,249,247,247,248,249,248,247,253,254,247,245,243,243,244,244,244,243,253,254
 56, 49, 38, 57,110,120, 99, 87, 71, 47, 40, 43, 51, 89,112,111, 86, 78, 77, 54, 40, 52, 77,128,102, 89, 75, 93, 82, 56, 44, 95,109,117, 81,135,126, 98,107, 79, 54, 58, 60,106, 99,137,116, 93,113, 90, 52, 45, 60,121,113,102, 74, 81, 95, 84, 57,129,142,108,100,134,110, 59, 87, 79,104,138,123, 90,117,142,113, 66, 72, 64,111,123, 98, 79, 74,115,110, 90, 86, 79,135,144,121,108,106,144,142,127,108,106
 83, 89, 97,102,142,152,119,146,134,125,118,108,119,125,122,125,130,146,135,122,107,100,125,140, 93, 83,131,143,148,125, 94,107,132,152,104, 76,128,147,156,134, 97,115,103,120,114, 84, 99,115,133,138, 92, 97, 56, 60,104, 92, 70, 83,105,135, 92, 92, 67, 58,100,108, 82, 99,116,130, 88, 96,103, 80, 92,106, 89,113,152,126,102,102, 88, 82, 85, 71, 70,100,121,125, 94, 97, 89, 85, 88, 74, 73,100,113,122
172,151, 81, 59, 57, 38, 49, 51, 52, 54,117,113,107,119,126,134,149,143,148,151, 74, 52, 88,131,140,145,156,170,163,166,131,106,122,120,117,114, 89, 95,144,150, 82,107,119, 93,115,136, 87, 65, 62, 67, 87,111,130,132,143,126, 72, 48, 53, 59, 72, 79,105,120, 91, 71, 68, 37, 28, 38,108,133,145, 98, 18, 50,104, 20, 17, 27,129,112, 38, 86, 58, 87,108, 97, 61, 76,125, 96, 11, 57, 36, 80,105, 95, 47, 62
 40, 92,142,134,105, 87, 58, 50, 49, 55, 52, 86,142,141,131, 81, 38, 61, 50, 54, 56,105,149, 94,113, 90, 43, 62, 59, 54, 54,145,198, 85, 92, 82, 56, 84, 62, 49, 32,145,222,115, 89, 56, 61,117, 76, 65, 31,126,175, 96, 83, 95,124,137, 61, 67, 57, 99, 99, 61, 72,131,174,128, 77,103, 48, 44, 33, 55, 47, 72,121, 86, 62, 95, 68, 65, 60, 64, 85,103, 98, 79, 67, 76,113,115,113,110,117,123,113, 96, 80, 83
184, 40, 37, 43, 55, 67, 46, 15, 46,203,191, 43, 36, 41, 54, 66, 46, 16, 49,206,185, 32, 22, 31, 47, 60, 42, 14, 50,207,193, 36, 28, 44, 64, 76, 59, 35, 48,205,192, 35, 30, 51, 71, 79, 62, 42, 48,205,185, 27, 25, 47, 64, 66, 50, 35, 50,207,194, 36, 34, 56, 70, 70, 58, 51, 49,206,191, 32, 30, 53, 65, 67, 60, 58, 46,203,194, 33, 32, 52, 67, 83, 78, 57, 40,205,190, 28, 24, 41, 52, 65, 58, 37, 40,205
228,194,150,113, 47, 96,108,133,223,253,150,111,113,125, 49,186,151,  3, 58,185, 53, 59,115,116,119,194,175, 48, 46,101, 53, 42,151,164, 91, 96,158,102, 93, 89, 67,107,156,205, 99,122,132,130,125,105, 33, 96, 99,148,148,142,112,138,143,122, 84, 65,110,150,162,134,165,130, 57, 78, 71, 96,105,133,160,161,163,131, 89, 96,105, 71, 90,120,115, 88, 71, 88,123,192,224,148,109, 91, 79, 85,118,171,220,251
177,169,174,194,210,208,205,208,190,187,186,194,203,212,214,213,205,195,200,198,179,198,210,211,211,218,212,201,200,198,111,121,126,125,127,132,134,129,139,137, 89, 82, 79, 81, 81, 73, 69, 71, 74, 72,115,105,108,120,123,114,110,116,103,101,118,120,124,130,134,136,139,143,149,147,145,152,148,131,123,130,138,140,133,131, 99, 64, 29, 56, 81,102,106,133,133,128,111, 75, 34, 57, 75, 88, 85,111,129,124
251,249,243,220,188,155,216,250,253,252,252,253,254,221,169,115,205,248,254,252,252,251,224,175,116, 96,186,252,254,253,253,249,198,150,112,133,142,242,254,254,254,254,242,159,151,152, 92,209,253,255,254,251,253,140,137,117, 91,226,254,254,254,246,254,164,125,133,149,254,254,253,253,253,248,253,177,218,208,251,252,252,251,169,157,129,114,106,115,128,165,251,175, 83, 74, 59, 59, 58, 64, 70, 69,171
219,226,214,214,212,211,225,218,218,212,217,231,235,233,205,199,227,225,220,214,222,226,230,205,143,145,214,233,222,217,230,218,215,176, 90,102,201,230,224,218,229,216,226,197,111,121,211,225,224,218,229,217,232,218,149,158,231,230,221,216,228,217,225,218,169,180,236,230,218,212,225,218,227,228,188,194,233,218,216,210,223,218,215,216,221,223,224,225,216,211,222,218,215,215,218,220,222,221,216,211
 45, 47, 44, 40, 44, 53, 56, 52, 49, 51, 42, 46, 55, 62, 57, 47, 46, 53, 59, 49, 48, 44, 49, 54, 44, 35, 52, 82, 81, 57, 51, 48, 47, 46, 38, 41, 70,103, 93, 63, 37, 47, 54, 51, 45, 47, 54, 61, 95, 74, 75, 85, 88, 80, 74, 71, 64, 53, 52, 40, 64, 59, 54, 50, 47, 43, 41, 40, 55, 48, 49, 37, 37, 49, 51, 43, 45, 56, 47, 42, 43, 43, 44, 45, 45, 46, 47, 47, 45, 45, 43, 43, 44, 44, 45, 46, 47, 47, 45, 45
196,188,185,191,198,198,196,194,190,189,200,196,194,197,198,195,193,194,203,203,209,206,206,206,204,199,199,203,210,210,217,210,204,204,205,205,206,210,212,211,225,209,195,195,201,205,206,207,215,215,234,214,196,194,201,206,205,204,215,214,228,212,197,196,201,203,203,203,212,211,210,199,191,191,194,195,197,199,214,214,212,194,185,190,190,183,188,201,208,201,202,184,175,180,180,173,177,191,196,188
 67, 62, 36, 42, 81, 82, 54, 55, 61, 69, 54, 32, 43, 71, 82, 93, 80, 38, 50, 59, 51, 43, 41, 88,154,155, 95, 47, 45, 53, 49, 40, 29, 81,159,139, 67, 42, 43, 51, 59, 29, 59,117,117, 76, 46, 33, 40, 46, 55, 48, 87,153,158, 90, 40, 41, 41, 48, 38, 50, 58,108,152, 98, 30, 37, 41, 49, 57, 31, 30, 54, 58, 48, 40, 37, 34, 42, 52, 53, 44, 41, 51, 49, 39, 40, 38, 46, 48, 47, 40, 37, 45, 44, 36, 35, 40, 47
103,169,125,126,110,102,101,187,217,165,137,158, 97,154,159,141,149,169,209,199,133, 42,165,189,213,158,194,140,174,194, 94,117,224,166, 81,111,169,170,180,169,121,209, 86, 71, 69, 61, 94,168,190,138,178,173, 21, 55,134,102, 57, 99,153,140,113,136,107,123, 49,120, 61, 67,140,164,103,136,216,249,198,159,191,197,153,140, 76,138,209,218,200,244,195, 86, 66, 74, 43, 45, 79, 96, 79,130,131,102, 71, 60
131,136,136,111,117,103,107,108,113,126,134,134,129,102,111,107,120,120,124,131,137,133,128,102,113,116,129,123,133,135,137,129,131,113,121,121,130,114,130,134,135,116,122,112,118,115,126,111,119,130,132, 97,100, 98,102,100,126,122,113,126,130, 82, 85, 91, 93, 88,124,133,117,126,130, 76, 82, 95, 94, 83,122,136,124,128,127,110, 79, 68, 87,107,117,127,127,132,135,128,105, 93,109,124,123,120,127,132
207, 86, 76, 87, 44, 38, 28, 30, 36,196,218, 60, 76, 68, 22, 38, 72, 67, 62,202,219, 71, 66, 30,103,120,109,124,108,225,198, 82, 70, 27,197,176, 73, 82, 81,204,202, 74, 68, 29,187,169, 77, 81, 68,207,208, 87, 61, 43,182,168, 82, 97, 74,214,197, 90, 78, 99,170,145, 66, 71, 74,199,220, 65, 86,132, 82,109,150,153,134,230,216, 94, 93, 90, 75,103,217,226,207,237,209, 84, 83, 82, 66, 89,194,198,184,221
231,228,182,202,201, 71, 19, 99,221,216,205,219,206,203,214,173,127,156,196,223,213,230,243,204,201,211,168,132,187,210,237,211,250,244,225,174,187,199, 95, 73,251,178,215,246,211, 56, 89,176, 61, 24,244,198,214,238,244,123, 62, 98, 23,  2,241,243,236,227,251,220, 29, 36, 44,  1,184,197,202,215,240,252, 36,143,183, 64, 81,181, 77,199,251,253,143,105,148, 89,182,126, 71,221,236,253,195,  9, 24, 10
 49, 17, 40, 38, 21, 10, 14, 70, 87, 45, 45, 15, 23, 81, 19, 24, 12, 73, 87, 46, 51,  9, 32, 72, 27,  1, 22, 72, 83, 44, 59, 19, 15, 27, 38, 22, 43, 62, 79, 43, 52, 46,  1, 33, 69,122, 63, 54, 78, 43, 39, 60, 71, 91,132,168, 85, 61, 80, 41, 43, 42,142,154,175,171,107, 87,120, 74, 58, 18,122,198,171,205,122,113,180,128, 53,  1, 99,124,178,173, 75,112,189,111, 54,  2, 81, 95,156,158, 67,120,191,114
164,201,207,213,207,207,187,200,192,163,172,211,215,217,212,210,209,214,203,185,173,202,204,214,216,203,210,190,189,186,172,196,205,215,202,182,211,193,196,182,187,195,192,177,129,136,198,206,202,192,178,195,219,216,161,179,156, 95,123,184,188,188,181,138, 77,167,116, 23, 49,150,166,198,207,138, 52,181,126, 28, 59,124,164,177,196,185,122, 95,160,113,112,115,156,168,169,146, 81, 50,123,101,157,160
199,187,199,204,189,182,178,183,174,168,199,210,222,208,194,195,188,174,168,161,206,219,192,136,125,168,199,190,157,148,226,228,160, 76, 61,111,155,151,154,143,204,215,150, 88, 79, 96,114, 97, 99, 89,189,193,123, 85, 93, 97,107, 87, 81, 75,175,172, 87, 58, 86,101,116, 97, 69, 67, 97,113, 51, 56,116,145,162,136, 76, 77, 75, 75, 58, 55, 77, 90, 96,117, 85, 72, 61, 63, 52, 60, 93,105, 99,109, 69, 56
168,178,139,139,130,139,128,119,111,136,182,212,170,136,118,148,154,139,124,133,185,190,170,178,151,117,115,137,123,112,175,197,182,173,162,157,170,177,153,130,185,200,189,183,185,175,185,186,166,146,179,172,167,179,182,136,141,156,157,157,156,178,161,112,112,118,159,159,143,169,170,176,159,116, 98, 68,108,134, 85,128,184,190,155,119,132,113,141,171,136,136,177,185,152,121,142,131,154,173,144,135
215,218,225,205,157,174,220,215,216,217,231,224,210, 90,103,143,220,224,218,218,216,219,208, 93,120,140,195,228,219,218,226,180,110, 94,107,123,136,185,217,217,224,195,119,133,101,120,150,185,217,217,211,234,219,170,149,176,224,217,219,219,227,222,211, 96,130,179,203,208,219,218,216,215,236, 92, 87,103,106,220,217,216,216,230,205,111,155,131,108,135,200,238,209,218,187,110,144,130,100,113,164,223
188,186,213,198,206,123,204,211,202,200,193,207,193,207,195, 71,200,190,202,200,190,205,191,215,191, 56,211,210,200,198,197,193,207,197,162, 49,182,205,204,202,197,198,206,179,150, 60,192,217,199,197,190,212,189,172,165, 64,203,214,203,200,189,203,188,166,166, 39,114,124,203,201,180,166,203,167,176, 49, 42, 76,167,164,162,141,187,165,161, 24, 38, 42,118,169,196,143,154,186,213,142,128, 95,151,203
187,173,188, 86,118,136,145,184,187,188,182,195,175,139,146,186,178,204,189,189,186,175,180,195,137,188,207,173,186,186,181,183,197,142, 43, 75,151,188,188,189,162,203,155, 59, 48, 66, 41,151,191,190,153,185,127, 85, 99,140, 28,102,181,181,159,167,144,118, 71,122,105,159,173,172,161,154,124, 84, 86,112,148,175,173,173,167,168,129,116,167,161,167,177,175,173,165,167,128,113,165,160,166,176,175,173
 14, 21,  5,  7, 15,  8, 12, 11, 14, 20,  4, 10,  8, 27, 44, 40, 44, 44, 13, 14, 14, 51, 53, 53, 72, 92, 97, 75, 40, 29, 45, 78, 78, 78, 94,109,116,100, 97, 77, 37, 54, 64, 98,116,101,101,105, 73, 70, 11, 56, 80, 99,115,116,107, 81, 32, 51,  9, 59, 73, 73, 87,102,100, 68, 67, 76, 22, 21, 16, 41, 56, 42, 59, 84, 88, 65, 37, 41, 43, 42, 44, 50, 57, 64, 58, 57, 10, 12, 14, 13, 13, 17, 24, 30, 24, 23
 83, 82,115,137, 48, 21, 51, 92, 93, 83, 97, 81,107,145, 99, 91,104,116,101, 97, 87, 80,111,148,120,122,137,143,210,152, 50, 64,107,134,112,110,125,129,208,138, 26, 59,117,145,142,132,126,104,122,115, 58, 67, 75, 45, 45, 77,132,148,144,137, 67, 88,101, 66, 70, 89,124,124,127,114, 92, 91, 82, 47, 74, 94, 97, 61, 19, 79, 81, 86, 90, 67, 66, 93,101,108, 86, 78, 80, 85, 89, 67, 67, 94,102,109,137,109
198,214,232,224,222,220,208,222,208,188,206,222,225,209,222,229,208,217,208,188,196,228,221,183,187,187,174,206,206,187,192,215,193,150,154,149,145,201,202,183,198,190,149,121,149,151,145,201,200,181,186,176,145,120,138,142,142,195,199,180,174,187,181,147,141,147,152,189,195,176,183,203,206,174,173,193,188,192,189,170,186,184,186,191,191,187,185,187,172,169,157,155,156,160,160,155,154,155,158,156
 64, 31,102,240,175,132,120, 66, 81, 83, 43,114,118,156,131,136,128,119, 89, 90, 78,187,105, 31, 52,140,155,142, 98, 97,171,152, 63, 57, 68,103,139,163, 91, 91, 86, 81, 36, 42, 50,104,155,139,100,103,133,109, 44, 47, 78,121,165,164,112,116,193,209,139, 72, 74,124,138, 60, 29, 32,169,194,211,194,139,120,112, 10, 28, 31,163,141,148,106,113, 85, 74, 58, 51, 54,178,102, 94, 92,127, 90, 80, 88, 91, 97
157,148, 38,172, 49, 43, 54, 85, 47, 80,128, 77, 28,127, 76, 32,137,154, 60, 98, 98, 61, 22,102, 86, 11,112,188,101,133, 61, 68,139, 64, 41, 30,148, 87,130,144, 16,110,148, 77, 33,142,116, 78,139,139, 50, 38,123, 94, 65,154,137, 81,155,167, 30, 78,102, 78, 58,179,139, 86,145,196, 39, 72,116, 87, 80,147,180,109,101,188, 26, 53,127, 63, 57, 76,179,121, 83,183, 24, 39, 98, 61,104,121,170, 68, 89,187
243,229,170,136,105,113,126,171,217,238,184, 88, 45, 63, 45, 46, 53, 45, 95,157, 66, 77, 82, 93,104, 50, 39, 91,101, 81, 75, 69,105,123,146,138,126, 85,102,120, 98,112,139,112,104,108,131,111, 79, 94,131,132, 93, 66, 96, 90, 78, 90,127, 95, 81, 33, 23, 41, 21, 31, 32,  5, 45, 89,135,142,120,128,124,127,107,119,108,109,244,246,248,247,246,244,242,242,238,238,238,238,237,237,235,234,232,231,231,230
 77, 70, 70, 74,126,191,111, 52, 55, 63, 61, 78, 47, 85, 89,101, 95, 94, 90,115, 68, 74, 31, 72, 62, 62, 74, 95, 88,134, 62, 56, 50, 48, 61, 85, 66, 74, 68,125, 32, 51, 72, 49, 67, 72, 72, 68, 54,106, 35, 76, 57, 66, 69, 31, 70, 50, 65, 99, 48, 91, 45, 73, 54, 32, 58, 47, 39, 48, 30, 83, 62, 76, 29, 63, 54, 74, 55, 50, 66, 71, 66, 45, 52, 59, 93, 72, 74, 60, 34, 42, 42, 29, 43, 57, 96, 78, 64, 50
123,126, 95,187,150,190,112, 93, 86, 91,148,124,100,158,214,194, 95, 96, 96,105, 96,117, 95,128, 96,158, 89, 80, 84, 95,109,179,207,158,108,123,121, 62, 90, 95,121,195,180,176,184,134,114, 86,110,105,168,171, 82,120,109,134,153,178,103, 92,104, 93,119,117,100, 90,100, 86, 45, 36,110,115,109, 94, 53, 81, 39,122, 95, 90, 79, 77,122, 85, 65,126, 77,132, 87, 73, 82, 50, 99, 52, 77,117, 71,102,115,101
 57, 40, 46, 35, 80, 68, 40, 57, 78, 79, 43, 42, 53, 69, 89, 94, 66, 57, 92, 93, 65, 45, 57,126, 98, 70, 49, 42,108,110, 79, 50, 55,105, 58, 37, 69, 66, 79, 83, 64, 89,120,110, 68, 62,103, 52, 40, 43, 60, 89,135,124,104, 78, 87, 42, 34, 35, 74, 50, 62, 86,104, 89, 84,110, 57, 51,101, 78, 73,114,149,153,101,132,102, 93,104,112,138,138,132,125, 99, 95, 77, 83, 83, 90,104, 90, 82, 86, 76, 78, 79, 85
 99,139,129,135,116,105,148,103, 89, 93,121,127,148,134, 85,107, 92,126,102,110,112,125,165,142,105,127, 78,116,118,119,121,158,138,107,102,103, 88, 64,123,117,195,218,125,102, 79, 89, 97, 75,151,152,142,145, 88,112, 58, 85, 49, 73,116,113, 76, 72, 92,130,103,109, 68, 82, 94, 80, 85, 69,104, 96,123, 98,116, 86, 91, 81, 96, 92, 86, 89, 65, 93,135, 78, 73, 88, 94, 91, 89, 91, 64, 90,133, 80, 89,102
226,158,150, 89, 86, 88,121,233,221,222,220,194,180,123, 51, 79,129,240,222,219,238,197,156,129,113,173,199,228,210,205,158,171,178,148,170,176,193,197,199,199, 53,128,165,131,134, 92, 87,120,190,202, 85,130,127,119,128,138, 98,133,162,177, 61, 97,137,122, 96,127,101,128,124,138, 33, 83,213,167,100, 84, 66, 59,107,116, 28, 99,196,189,161,119, 37, 37, 80, 89, 70, 93,134,110,109,114, 69, 87,102,107
166,106, 66, 88,166,102,112,167,163,185,117, 83,112,120, 95, 79, 66,109,120,179,167,120,140,170,142,101, 81,113, 76,165,223,164, 91,105,169,108,146,171,137,236,197,174,128,118,172,127,137,112,102,205,221,140,143,127,102,125,107,109,114,211,166, 81,127,118, 81,103, 85,124,172,236,173,163,185,103, 86, 71,104,153,231,255,223,210,212,191,162,146,152,141,215,227,194,179,182,214,213,191,157,142,183,190
134,188,131,125,161,180,158,149,108,167,143,128, 67,110,167,155,166,134,119,163,173,153,146,161,193,186,207,158,133,157, 81, 91,105, 81,140,211,177, 85, 72, 82, 40, 94, 49, 30, 90,155,117, 37, 58, 73,108,158, 35, 59, 93, 65, 65, 45, 90,125,154,130, 13, 61,134, 87, 68, 63, 63,124,102, 54, 34, 37,113, 96, 46, 62, 60,138, 50, 76, 32, 41,116, 35, 32, 65, 63,100, 49, 75, 31, 43,121, 41, 38, 66, 53, 89
221,219,212,165,155,146,103,141,185,182,233,215,230,169,166,178,199,191,153,161,178,176,240,189,170,166,223,178,162,182, 73, 88,181,187,196,177,225,178,161,191,110, 82, 83,110,144,122,131,123,134,167,175,169,147,172,181,113, 40, 66,157,187,188,204,183,161,153,115, 76,163,191,212,198,228,230,181,166,135, 91,169,169,187,188,225,224,213,214,172,125,127,186,197,189,225,186,128,153,195,204,210,192,200
102,141,131,143,132,135,128,121,118,132, 97,111,102,103,103,107,101, 98,128,140, 65, 70, 92, 89, 93, 82, 71, 69,129,137, 96, 84,106, 84, 85, 78, 96,115,100,101,101, 80, 93, 81, 83, 78,100,103,134,129,121,107,108,126,135,129,133, 93,123,117,107,103, 72,102,101,110,138, 89, 84, 79, 47, 73, 44, 90, 71, 78,115, 64, 66, 64, 55, 70, 68, 71, 79, 96, 97, 56, 57, 57, 72, 92, 92, 89, 87,100,106, 69, 57, 58
255,246,233,231,221,254,237,239,241,246,248,255,229,229,230,237,224,225,235,245,245,249,195,208,212,183,187,217,226,240,255,245,222,224,214,198,205,226,240,250,236,214,255,248,219,245,237,213,248,250,215,145,228,237,206,225,219,206,253,252,221,145,206,226,213,213,217,213,253,255,207,199,236,220,225,243,244,189,221,229,255,241,233,159,248,240,241,221,206,205,254,240,233,159,248,241,242,222,220,219
 60,135,112,119,151,163, 92,121,140,121,113,114, 90,115,144,149,135,151,143,138,157, 89,106,138,113,113,164,168,141,150,161,134,120,103,115,122,119,192,171,176,174, 93,106, 81, 44,133,107,118,133,114,209,162,171,135,103,191,119,112,161,124,223,172,181,168,134,184,140, 96,145,116,202,175,103, 89,156,161,116,108,133,121,205,150, 82, 84, 87,165,159,114, 95,150,195,143, 82, 89, 97,182,183,141,107,162
236,226,246,226,242,223,249,236,241,239,235,207,218,222,232,226,226,225,248,247,237,194,184,180,183,211,211,228,247,247,213,180,192,184,196,222,214,219,241,242,213,153,167,171,214,211,217,224,241,243,244,148,136,165,221,185,217,241,239,244,249,197,184,231,250,190,218,232,238,243,244,249,225,252,220,172,213,223,241,247,235,231,242,253,209,161,236,241,248,250,248,238,236,232,170,122,209,226,238,239
179,181,178,172,174,181,174,162,157,159,164,163,160,157,158,159,155,148,153,155,153,152,155,161,165,164,164,167,156,157,148,150,163,181,188,187,190,199,186,186,160,163,177,196,202,196,195,201,195,194,186,188,196,204,206,197,189,187,184,185,194,196,196,195,195,195,188,179,189,189,172,175,174,171,178,187,185,175,182,182,150,159,168,171,166,159,154,154,156,160,155,163,173,175,169,163,158,157,156,161
 63, 93,107,100,223, 54, 13, 30, 23, 24, 71, 73,103, 74, 73, 81,155, 87, 63, 70, 88,107,107, 57,  3,148,243,103, 78, 87,105, 81, 80,110, 50,128,177, 83, 82, 89,142,100, 94,120, 61, 95,160,112, 79, 85, 98, 95, 60, 62, 84, 66, 81, 75, 65, 71, 74, 63, 25, 80,156, 51, 17, 49, 63, 70, 85, 67, 28, 22, 39, 29, 64, 62, 54, 65, 81, 61, 53, 75, 74, 68, 77, 53,159,162, 79, 59, 53, 76, 74, 69, 76, 53,159,161
220,191,150,206,199,187,205,201,201,204,224,107,112,203,196,200,205,206,204,207,187, 26,107,219,193,205,201,208,205,207,157,  8,108,218,194,207,206,206,209,211,153, 22, 74,189,213,208,211,209,213,214,120, 22, 49,174,233,197,202,215,209,212, 91, 13, 39,143,215,199,207,215,209,212,109, 13, 18, 80,176,221,230,210,216,217,198,155, 72, 23, 30, 56,146,154, 94,169,198,204,188,124, 61, 29, 75, 87, 41, 93
 98, 66, 25, 38, 38, 26, 44, 40, 44, 46,139, 80, 22, 31, 43, 43, 24, 18, 30, 30, 64,103, 84, 40, 17, 59, 37, 11, 35, 24, 34, 83, 75, 67, 28, 24, 27, 49, 72, 46,142,141, 91,103, 76, 50, 75, 95,106, 70, 47, 68, 78, 96, 86, 92,161,188,105, 67, 18, 16,121,145,116, 84,134,194, 82, 56, 12,  4,143,122,117,134,129,124, 72, 57, 18, 23, 54, 93, 88, 82, 88, 56, 33, 35, 42, 16, 36, 99,116,106,102, 66, 43, 45
247,244,125,151,157,230,234,214, 53,153,249,235,136, 22, 52, 77,142,204, 61,158,246,187, 79, 30,100, 62,195,241, 73,165,235,130, 28, 54, 52, 62,205,250,163,242,251, 91, 21, 31, 11,116,129,194, 84,160,156, 62, 47, 48, 23, 40, 51,201, 88,177,144, 90, 62, 60, 59, 28, 98,217, 58,155,112, 93,134, 66, 35, 87,157,215,101,204,206, 94,110, 77,105, 98,130,207,100,178,207,103, 99, 88, 88,100,112,197, 84,152
130,149,146,124,138,144,124,140,142,138,147,155,153,133,142,151,134,143,156,154,151,148,151,135,136,148,140,142,160,161,144,136,146,133,126,141,143,146,152,156,145,138,150,136,125,137,143,153,143,147,149,147,152,136,129,135,136,153,136,137,153,152,147,131,138,141,131,152,136,134,157,157,144,129,151,154,134,156,144,140,152,156,144,159,158,161,146,156,152,153,145,150,137,150,147,150,134,142,144,144
 83, 89, 61, 94, 71, 79, 71, 94,109,161, 70, 69, 58, 70, 52,115,120,104,124,141, 58, 37, 37, 45, 63,188,195,150,146,147, 58, 44, 56, 47, 55,149,160,169,178,191, 46, 21, 23, 40, 80,129,124,187,197,191,110, 86, 72, 90,131,128,112,184,210,165,106,136,154,153,149,142,170,232,200,162,134,151,151,142,149,170,192,172,145,148,137,169,135,176,204,171,176,145,150,142,138,173,147,188,187,126,139,137,122,113
208,115, 33, 45, 41, 42, 47, 92,108,129,252,172,132, 98,145,132,146,123,139,139, 40, 61,145,137,153,109,142,127,200,230,  1,  1, 83,182,203,191,163,130,149,199,  5, 12, 80,185,148,151,142,144, 84, 47,  1,  1, 60,145,135,149,140, 89,  6,  0, 18,  1, 76,155,155,164,135, 37,  0, 11,111, 70,109,177,136,139, 96,  4,  1,  0, 47, 65,103,115,150,154, 73, 29, 86, 83, 10, 65, 60, 21, 92,136, 56, 15, 70, 68
141,139,148,154,154,125,121,164,125,126,131,142,147,144,141,158,147,134,167,183,108,135,146,148,116,164,177,157,157,184,145,153,153,172,110,148,182,187,173,191,207,195,167,188,131,149,176,178,181,177,184,206,175,182,150,159,180,185,194,180,146,196,165,164,170,162,182,196,184,180,175,204,147,150,196,167,165,179,181,192,154,162,175,145,165,137,156,177,191,192,123,138,157,135,159,135,161,186,194,193
125,236,242,154,203,219,128,168,182,179,116,183,216,212,144,179,159,127,152,152,126,114,158,248,154,146,190,139,178,180,187,151,164,227,221,166,195,157,171,168,169,182,176,162,213,205,186,150,198,189,120,146,151,135,155,196,173,167,207,197,143,148,158,142,137,165,182,208,201,199,135,154,162,102,136,157,225,246,203,210,209,194,180,183,173,183,217,213,226,231,228,223,230,248,233,220,232,218,231,235
211,187,226,149,118,150,172,207,199,199,200,216,179,119,140,141,162,201,201,200,209,215,197,148,139,142,178,207,202,204,205,188,220,160,131,158,156,199,205,206,205,209,205,143,152,180,140,194,206,207,211,226,200,160,132,161,183,198,207,206,205,203,205,168, 88,144,207,197,205,205,215,207,216,148,103,188,191,214,204,204,211,200,216, 98,147,196,200,199,202,202,213,204,208, 90,154,203,196,197,203,203
145,161,186,174,164,162,172,114,174,210, 74,119,174,195,212,205,194,124,169,209,126,102, 71, 57, 84, 88,103, 77, 79,121,108,111, 79, 44, 61, 62, 65, 28, 52, 88, 47,111,114, 56, 60, 82, 98, 49, 20, 51, 43, 76,102,104,113, 92, 83, 41, 38, 69, 45, 22, 47, 91, 98, 50, 50, 38, 18, 43, 19, 35, 84,102, 74, 34, 51, 33, 17, 34, 19, 31, 40, 34, 40, 67, 70, 43, 28, 22, 29, 29, 27, 20, 27, 54, 68, 53, 33, 28
197,204,152,127,104, 95,138,138,191,191,194,200,146,117, 94, 88,124,120,192,192,197,204,151,115, 97, 94,123,122,194,193,200,210,160,117,104,106,133,143,195,196,198,208,159,112,100,105,129,157,196,197,201,200,152,104,100, 97,114,157,197,197,203,190,140,101,105, 97,101,150,197,196,198,178,126, 95,109, 99, 92,142,196,197,204,166,105,107, 94, 96,102,110,177,196,199,161, 99,102, 91, 92, 96,106,177,197
189,230,122,119, 74,112,203, 80,148,190,183,201,168, 58, 58, 77,195,205,159,155,142,142,154, 25, 78,157,254,194, 97,136,147,177,161, 92, 81,162,254, 98, 59,188,145,158, 95, 98, 76, 95,171, 81, 48,160,169,214,117, 94,185,131, 76,103,160,167,185,173,227,250,223,228,231,163,201,192,155,192,197,238,228,235,213,170, 78,151,100,166,185,107,157,206,237,144, 45,122, 36,102, 77, 52, 39,112, 98, 36, 27, 95
163,133,160,142, 95, 64, 90, 72,123,170,116,110,137,138,107, 85,106,116,134,159, 94,100,121,147,136,130,130,138,112,137,109, 90, 78, 95, 86,124,129,112,103,146, 75, 55, 56, 70, 54,119,136, 85,127,142, 76, 72, 81, 71, 41, 84, 98, 46,111, 76,167,165,143, 97, 86, 93, 99, 84,123, 99, 74,103,105, 94,146,130,107,109, 83,111, 99, 80,112,132,118,108,100,103, 90,133,162,115,149,195,171,124,118,158,122,166
 88, 76,135,196,209,179,200,185,183,178, 78, 69, 90,137,124,149,204,178,140,118, 50,101,118,134,137,185,202,219,146,105, 50, 84, 76,138,132,162,251,220,129, 82,122,118,132,131,169,134, 77,100,103, 79,157, 97,133,108, 87, 42, 16, 56, 82, 92,104,193,106,148,128,  5, 26, 21, 69,105, 79,135, 88,119, 96, 30, 16, 10,  5, 44, 51, 52, 66, 68, 75, 68, 42, 45, 66, 33, 54, 68, 72, 49, 49, 65, 55, 57, 77, 44
 27, 24, 22, 28,  9, 31, 25, 31, 27, 28, 16, 20, 23, 22, 51, 27, 23, 27, 26, 25, 36, 23, 16, 17, 28, 12, 40, 10, 27, 25,113, 68, 50, 74,  7, 52,123, 54, 70, 68,140, 83, 72,112, 37, 71,150, 90,124,124,121, 78, 85,113,103, 68,106, 91,125,126,127, 95,107,120,134,107,118,115, 99, 99,107, 73, 78, 93, 70,127,142,119, 99, 96, 75, 94, 74, 91,118,102,120,121,102, 85, 84,114,142, 66, 95, 89, 77, 46, 74, 49
152,145, 81, 67, 56, 45,163,163,160,161,134,110, 85, 31, 55, 72,168,161,169,170,128, 70, 49, 58, 63,108,114,150,162,162,118, 69, 61, 90, 67, 90, 74,144,180,182, 84, 87,121, 81, 80, 54,102,148,151,150, 60, 78, 98,104,117, 94,117,140, 85, 85, 57, 61, 45,114,127,153,109,127, 69, 70, 54, 65, 60, 65, 96,153,124,126, 57, 58, 69, 75, 67, 59, 93,108,118, 80, 66, 52, 73, 70, 65, 68, 95, 95,111, 92,108, 95
123,132,137,126,101,119,106,117,122,123,135,134,126,123,106,126,118,113,114,109,116,109, 97,117,110,136,137,114,110,103,149,140,122,138,115,122,117, 86, 98,104,148,144,134,143,119,129,129,121, 95,117,153,145,132,114, 91,103, 91,112,133,155,101, 96,100, 83, 92,128,101,150,175,171, 99, 92,106, 94,125,170,120,176,183,147,147,141,135,143,163,179,180,170,126,107,170,165,158,153,154,147,126,106,109, 94
157,144,141,163,159,152,160,163,139,147,170,152,123,125,147,164,159,141,169,169,150,137,111,104,135,143,137,135,141,135,124, 97, 86,107,171,164,140,153,111,115,117,111,130,133,176,155,133,157,128,139, 98,108,143,112,143,142,126,125,120,131, 73, 55, 88, 62,127,156,129, 91, 96,104, 63, 60,124, 87, 96, 88, 87, 86, 98,104, 94, 98,119,130,106, 80, 80, 89, 76, 64, 83, 76, 89,102, 95, 91,106,121,115,108
149, 96,101,117,129,110, 62, 59, 89,177,157, 85, 67, 51, 67, 38,117, 97, 83,171,149, 77, 89,127, 34,101,197,116,111,182,155,111,103, 42, 89,147,135, 59, 69,166,134,165,186,113,141,149,128,118,112,107,114,124,142,198,173,171,168,114, 42, 32,105,139,150,132,183,117,139,144,110, 38,115,138,158,132,143,160,142,165,143, 39,111,138,118,123,147, 93, 65,135,149, 97,103,128,109,113,138, 83, 54,126,150, 96
174,148,136,143,167,158,153,186,169,166,171,149,141,160,159,154,197,230,164,170,188,141,120,170,174,164,188,191,165,178,161,161,158,175,165,167,164,171,167,180,173,183,178,170,170,198,171,200,168,174,237,173,136,185,187,167,139,206,173,174,238,164,104,181,124, 77,127,197,174,175,225,171, 63,103, 37, 74,193,166,166,173,238,177, 95, 44, 63, 91,161,186,174,175,220,184,128, 77, 70, 81,150,183,179,179
213,212,215,217,218,216,217,223,194,203,222,217,207,202,212,225,222,211,135,166,186,213,213,195,211,236,216,159, 65,112,187,207,221,223,230,229,203,167,157,191,217,193,199,227,219,182,183,219,219,227,214,208,205,201,189,181,199,226,228,222,213,235,226,191,191,224,234,213,220,226,227,217,196,181,195,221,223,206,194,221,217,222,208,185,187,212,226,224,209,206,212,221,220,210,213,224,227,219,218,216
163,162,146,141,137,142,142,113,120,117,185,184,194,179,162,152,138,146,126,122,198,211,108, 95,101, 91,152,135,144,144,166,203, 63, 20, 38, 62,158,136, 86, 94,241,208,136, 78,129,180,131, 85, 42, 53,181,184,189,151,133,116, 77, 88, 69, 79, 60, 70, 61, 71, 58, 38, 62, 78, 62, 73, 49, 25, 42, 30, 30, 58, 55, 70, 40, 57, 18, 22, 22, 20, 30, 49, 60, 60, 70, 70, 48, 56, 57, 49, 45, 43, 37, 28, 22, 21
192,195,212,209,231,218,223,220,197,197,202,184,201,214,215,213,226,216,208,208,203,229,210,206,231,231,203,212,207,208,221,227,199,220,230,201,150,174,201,201,186,101,124,220,183,152,152,162,204,204,181,123,153,222,206,210,229,222,204,204,188,188,190,187,205,206,203,192,194,194,193,155,177,198,204,177,187,180,186,186,151,160,167,192,191,171,173,173,181,178,166,178,183,199,199,186,191,189,184,182
137,132,140,133,132,138,132,140,142,139, 98, 95,108,107,113,125,124,135,123,119,204,198,205,195,191,194,186,193,189,181,124,119,127,118,115,119,111,117, 94, 84, 39, 35, 46, 41, 41, 48, 41, 49, 45, 34, 55, 50, 59, 51, 47, 50, 40, 46, 46, 38, 43, 40, 51, 46, 45, 51, 43, 50, 49, 45, 52, 47, 56, 48, 43, 45, 35, 40, 29, 27, 26, 26, 25, 24, 22, 20, 18, 16, 19, 19,130,131,132,134,135,135,135,135,134,134
223,198,146,232,225,150,145,140,171,233,235,222,177,222,206,159,158,153,179,217,178,196,188,205,180,160,143,130,118,134,172,189,188,177,150,166,167,178,202,211,237,244,245,228,200,224,230,249,215,231,231,237,236,229,204,213,207,224,171,183,244,244,218,214,197,209,213,219,230,220,213,228,212,225,219,224,218,198,165,133,219,225,223,215,209,197,168,137,116, 96,228,227,224,216,214,218,206,182,180,158
228,220,226,231,233,227,253,141,  9, 76,147,133,218,222,215,235,248,141, 86, 91, 80, 42,187,235,193,216,250,131,124,145, 50, 26,171,249,225,209,251,125, 35,151,154,165,209,209,207,187,211,132, 48,164,184,245,194, 33, 87, 98, 43, 68, 70, 83,137,237,190, 13, 75, 82, 12, 51,114,102,154,230,181, 49, 63, 48, 54, 67,128,178,191,252,202, 81, 97, 54, 31, 57,129,163,186,244,185, 52, 69, 37, 25, 54,126,161
252,101,  2, 44,228,200,207,231,123,109,226,114, 43, 85,122,203,224,159, 80,108,228,215,132,153,150,198,172,166, 82,114,231,232,218,240,227,208,210,225,222,213,229,241,254,254,254,243,253,245,252,241,228,214,200,224,226,222,224,212,179,227,214,124,140,208,162,160,206,182,126,222,212,186,174,184,199,146,167,202,128,227,211,180,182,177,190,163,160,187,152,222,203,162,176,194,227,216,198,189,142,212
